{
  "Spotify": 11.19785189628601, 
  "Brave": 1.6091551780700684, 
  "Tabs": {
    "Russ": 0, 
    "List to String Python: How to Convert List to String": 1.5860552787780762
  }, 
  "Terminal": 4.220818519592285, 
  "No Role Modelz": 0, 
  "Projects": {
    "~/Projects/time_tracker": 4.223356008529663
  }, 
  "Songs": {
    "J. Cole - No Role Modelz": 3.709639549255371, 
    "NF - When I Grow Up": 3.8984477519989014, 
    "Russ - AINT GOIN BACK": 3.5802221298217773
  }
}